{"epoch": 100, "loss": 2.434145220394792, "inflow_loss": 1.2129177690922528, "outflow_loss": 1.221227438970544, "inflow_accuracy_metric": 0.5472959876060486, "inflow_f1_metric": 0.5475500226020813, "inflow_aucroc_metric": 0.9092785120010376, "outflow_accuracy_metric": 0.5323994159698486, "outflow_f1_metric": 0.5339950919151306, "outflow_aucroc_metric": 0.9094418883323669, "val_loss": 1.6416450668783749, "val_inflow_loss": 0.8680330269476947, "val_outflow_loss": 0.7736120188937468, "val_inflow_accuracy_metric": 0.6631492376327515, "val_inflow_f1_metric": 0.6625426411628723, "val_inflow_aucroc_metric": 0.9547938108444214, "val_outflow_accuracy_metric": 0.6830095648765564, "val_outflow_f1_metric": 0.6850283741950989, "val_outflow_aucroc_metric": 0.9636531472206116, "_timestamp": 1670919775.905656, "_runtime": 2921.854453086853, "_step": 99, "_wandb": {"runtime": 2916}}