{"epoch": 100, "loss": 2.887658960965215, "inflow_loss": 1.5071189531258173, "outflow_loss": 1.3805399993244483, "inflow_accuracy_metric": 0.4394984245300293, "inflow_f1_metric": 0.42268094420433044, "inflow_aucroc_metric": 0.8427321314811707, "outflow_accuracy_metric": 0.45387908816337585, "outflow_f1_metric": 0.4439227283000946, "outflow_aucroc_metric": 0.8779979348182678, "val_loss": 4.5013242771751, "val_inflow_loss": 1.7013135709260638, "val_outflow_loss": 2.8000107313457288, "val_inflow_accuracy_metric": 0.4065309762954712, "val_inflow_f1_metric": 0.40608763694763184, "val_inflow_aucroc_metric": 0.8096381425857544, "val_outflow_accuracy_metric": 0.22901931405067444, "val_outflow_f1_metric": 0.18214374780654907, "val_outflow_aucroc_metric": 0.672339916229248, "_timestamp": 1676023314.2745075, "_runtime": 4324.576186418533, "_step": 99, "_wandb": {"runtime": 4319}}