{"epoch": 4, "loss": 3.8755118394720145, "inflow_loss": 1.9233298270866788, "outflow_loss": 1.9521819969703411, "inflow_accuracy_metric": 0.27462756633758545, "inflow_f1_metric": 0.250441312789917, "inflow_aucroc_metric": 0.7471438050270081, "outflow_accuracy_metric": 0.2660735249519348, "outflow_f1_metric": 0.24808739125728607, "outflow_aucroc_metric": 0.741840660572052, "val_loss": 3.6937121694738213, "val_inflow_loss": 1.8284463232213801, "val_outflow_loss": 1.8652658408338374, "val_inflow_accuracy_metric": 0.3006388545036316, "val_inflow_f1_metric": 0.2844308316707611, "val_inflow_aucroc_metric": 0.7772901654243469, "val_outflow_accuracy_metric": 0.2822248041629791, "val_outflow_f1_metric": 0.27900874614715576, "val_outflow_aucroc_metric": 0.7735427021980286, "_timestamp": 1671168704.530521, "_runtime": 534.4453828334808, "_step": 3}