{"epoch": 100, "loss": 2.8070924978445073, "inflow_loss": 1.3832634365794683, "outflow_loss": 1.4238290615601115, "inflow_accuracy_metric": 0.48256373405456543, "inflow_f1_metric": 0.49097245931625366, "inflow_aucroc_metric": 0.8714244961738586, "outflow_accuracy_metric": 0.4705279469490051, "outflow_f1_metric": 0.4828645884990692, "outflow_aucroc_metric": 0.8663234114646912, "val_loss": 4.276986193347287, "val_inflow_loss": 2.3858942118558017, "val_outflow_loss": 1.891091975298795, "val_inflow_accuracy_metric": 0.40201884508132935, "val_inflow_f1_metric": 0.39973852038383484, "val_inflow_aucroc_metric": 0.7845751047134399, "val_outflow_accuracy_metric": 0.4031132161617279, "val_outflow_f1_metric": 0.40597471594810486, "val_outflow_aucroc_metric": 0.8190394043922424, "_timestamp": 1672778858.8389819, "_runtime": 17037.18585085869, "_step": 99, "_wandb": {"runtime": 17032}}