{"epoch": 44, "loss": 3.6733652476606697, "inflow_loss": 1.708309692212905, "outflow_loss": 1.9650555664095386, "inflow_accuracy_metric": 0.37778279185295105, "inflow_f1_metric": 0.38398149609565735, "inflow_aucroc_metric": 0.7993456721305847, "outflow_accuracy_metric": 0.2738659679889679, "outflow_f1_metric": 0.2648904621601105, "outflow_aucroc_metric": 0.7257114052772522, "val_loss": 3.5040827881206167, "val_inflow_loss": 1.6047148451660618, "val_outflow_loss": 1.8993679429545547, "val_inflow_accuracy_metric": 0.44099292159080505, "val_inflow_f1_metric": 0.44893619418144226, "val_inflow_aucroc_metric": 0.830398440361023, "val_outflow_accuracy_metric": 0.32661062479019165, "val_outflow_f1_metric": 0.3151206970214844, "val_outflow_aucroc_metric": 0.7417713403701782, "_timestamp": 1671552149.7960136, "_runtime": 1947.1375155448914, "_step": 43, "_wandb": {"runtime": 1938}}