{"epoch": 100, "loss": 2.118150226001082, "inflow_loss": 1.0400283254426101, "outflow_loss": 1.0781219019286934, "inflow_accuracy_metric": 0.6074385046958923, "inflow_f1_metric": 0.6054980158805847, "inflow_aucroc_metric": 0.9355072975158691, "outflow_accuracy_metric": 0.590048611164093, "outflow_f1_metric": 0.5896702408790588, "outflow_aucroc_metric": 0.9323784708976746, "val_loss": 1.7215843761668486, "val_inflow_loss": 0.8549784106366775, "val_outflow_loss": 0.8666059620240155, "val_inflow_accuracy_metric": 0.6796005368232727, "val_inflow_f1_metric": 0.6740171909332275, "val_inflow_aucroc_metric": 0.9554746150970459, "val_outflow_accuracy_metric": 0.6742904782295227, "val_outflow_f1_metric": 0.6716800332069397, "val_outflow_aucroc_metric": 0.9562528133392334, "_timestamp": 1670867254.073283, "_runtime": 2744.9707510471344, "_step": 99, "_wandb": {"runtime": 2701}}