{"epoch": 41, "loss": 3.3991194004299996, "inflow_loss": 1.6586297695664154, "outflow_loss": 1.7404896288082516, "inflow_accuracy_metric": 0.3957691788673401, "inflow_f1_metric": 0.4006705582141876, "inflow_aucroc_metric": 0.8130545616149902, "outflow_accuracy_metric": 0.3588772416114807, "outflow_f1_metric": 0.3609846830368042, "outflow_aucroc_metric": 0.7930311560630798, "val_loss": 3.340015982136582, "val_inflow_loss": 1.6682169329036365, "val_outflow_loss": 1.6717990564577507, "val_inflow_accuracy_metric": 0.44072502851486206, "val_inflow_f1_metric": 0.4373684525489807, "val_inflow_aucroc_metric": 0.8418980836868286, "val_outflow_accuracy_metric": 0.4520908296108246, "val_outflow_f1_metric": 0.4533332884311676, "val_outflow_aucroc_metric": 0.8359771966934204, "_timestamp": 1671552523.0830598, "_runtime": 1808.877516746521, "_step": 40, "_wandb": {"runtime": 1807}}