{"epoch": 49, "loss": 2.9844833989532624, "inflow_loss": 1.562236170379483, "outflow_loss": 1.4222472291819903, "inflow_accuracy_metric": 0.4239910840988159, "inflow_f1_metric": 0.4039170742034912, "inflow_aucroc_metric": 0.8298356533050537, "outflow_accuracy_metric": 0.44039177894592285, "outflow_f1_metric": 0.43008336424827576, "outflow_aucroc_metric": 0.870919406414032, "val_loss": 3.824074751452396, "val_inflow_loss": 1.577255616062566, "val_outflow_loss": 2.2468191385269165, "val_inflow_accuracy_metric": 0.41591283679008484, "val_inflow_f1_metric": 0.3968699276447296, "val_inflow_aucroc_metric": 0.809660017490387, "val_outflow_accuracy_metric": 0.23931264877319336, "val_outflow_f1_metric": 0.21592725813388824, "val_outflow_aucroc_metric": 0.6798433065414429, "_timestamp": 1676022578.080909, "_runtime": 2128.228017091751, "_step": 48, "_wandb": {"runtime": 2126}}