{"epoch": 100, "loss": 2.39078690037869, "inflow_loss": 1.1800739065845414, "outflow_loss": 1.2107129855321186, "inflow_accuracy_metric": 0.5505259037017822, "inflow_f1_metric": 0.5668103098869324, "inflow_aucroc_metric": 0.9066096544265747, "outflow_accuracy_metric": 0.5451354384422302, "outflow_f1_metric": 0.5591179132461548, "outflow_aucroc_metric": 0.9035056829452515, "val_loss": 7.045024023427592, "val_inflow_loss": 3.4743817843400038, "val_outflow_loss": 3.5706422328948975, "val_inflow_accuracy_metric": 0.4038415849208832, "val_inflow_f1_metric": 0.4145829677581787, "val_inflow_aucroc_metric": 0.8061483502388, "val_outflow_accuracy_metric": 0.4222196638584137, "val_outflow_f1_metric": 0.42147234082221985, "val_outflow_aucroc_metric": 0.8332374691963196, "_timestamp": 1672777207.4513736, "_runtime": 15258.384484529495, "_step": 99, "_wandb": {"runtime": 15257}}