{"epoch": 23, "loss": 3.1435355043959343, "inflow_loss": 1.5456598969711655, "outflow_loss": 1.5978756101652123, "inflow_accuracy_metric": 0.4448017179965973, "inflow_f1_metric": 0.44351157546043396, "inflow_aucroc_metric": 0.8438562750816345, "outflow_accuracy_metric": 0.4130198657512665, "outflow_f1_metric": 0.41344064474105835, "outflow_aucroc_metric": 0.8376734256744385, "val_loss": 2.874593173756319, "val_inflow_loss": 1.3874149673125322, "val_outflow_loss": 1.4871782274807201, "val_inflow_accuracy_metric": 0.5276214480400085, "val_inflow_f1_metric": 0.5251131057739258, "val_inflow_aucroc_metric": 0.8727480173110962, "val_outflow_accuracy_metric": 0.4684520959854126, "val_outflow_f1_metric": 0.46632063388824463, "val_outflow_aucroc_metric": 0.8627543449401855, "_timestamp": 1671021502.4794238, "_runtime": 973.9263906478882, "_step": 22}