{"epoch": 100, "loss": 2.951916551762109, "inflow_loss": 1.4392812110887108, "outflow_loss": 1.5126353367141008, "inflow_accuracy_metric": 0.47551798820495605, "inflow_f1_metric": 0.47664690017700195, "inflow_aucroc_metric": 0.8628165125846863, "outflow_accuracy_metric": 0.44247809052467346, "outflow_f1_metric": 0.44674059748649597, "outflow_aucroc_metric": 0.8513972759246826, "val_loss": 2.58874676805554, "val_inflow_loss": 1.2683320106430487, "val_outflow_loss": 1.3204147565093907, "val_inflow_accuracy_metric": 0.5455935001373291, "val_inflow_f1_metric": 0.5315402746200562, "val_inflow_aucroc_metric": 0.8985130786895752, "val_outflow_accuracy_metric": 0.5226655006408691, "val_outflow_f1_metric": 0.5167670845985413, "val_outflow_aucroc_metric": 0.892754316329956, "_timestamp": 1671540087.3105478, "_runtime": 81822.24127173424, "_step": 99, "_wandb": {"runtime": 81819}}