{"epoch": 100, "loss": 1.4322491699251636, "inflow_loss": 0.7076179059757584, "outflow_loss": 0.7246312687451812, "inflow_accuracy_metric": 0.7294133305549622, "inflow_f1_metric": 0.7289406061172485, "inflow_aucroc_metric": 0.9705550074577332, "outflow_accuracy_metric": 0.7201611399650574, "outflow_f1_metric": 0.7201852202415466, "outflow_aucroc_metric": 0.9690073132514954, "val_loss": 0.9646745703437112, "val_inflow_loss": 0.48271800803415704, "val_outflow_loss": 0.4819565577940507, "val_inflow_accuracy_metric": 0.8190380334854126, "val_inflow_f1_metric": 0.8191288709640503, "val_inflow_aucroc_metric": 0.9864192605018616, "val_outflow_accuracy_metric": 0.8179070353507996, "val_outflow_f1_metric": 0.8182096481323242, "val_outflow_aucroc_metric": 0.9861965775489807, "_timestamp": 1671469404.167495, "_runtime": 7354.358592987061, "_step": 99, "_wandb": {"runtime": 7353}}