{"epoch": 100, "loss": 3.18439520227498, "inflow_loss": 1.5265950307078746, "outflow_loss": 1.6578001674564404, "inflow_accuracy_metric": 0.43996596336364746, "inflow_f1_metric": 0.4485227167606354, "inflow_aucroc_metric": 0.8418521285057068, "outflow_accuracy_metric": 0.3865523040294647, "outflow_f1_metric": 0.39153045415878296, "outflow_aucroc_metric": 0.812345564365387, "val_loss": 3.9195558446826357, "val_inflow_loss": 2.015874840996482, "val_outflow_loss": 1.9036809964613481, "val_inflow_accuracy_metric": 0.44696420431137085, "val_inflow_f1_metric": 0.4388885200023651, "val_inflow_aucroc_metric": 0.836615800857544, "val_outflow_accuracy_metric": 0.4552878141403198, "val_outflow_f1_metric": 0.4492204785346985, "val_outflow_aucroc_metric": 0.8327627778053284, "_timestamp": 1671557586.7425559, "_runtime": 5112.395978927612, "_step": 99, "_wandb": {"runtime": 5110}}