{"epoch": 4, "loss": 3.3921885463013046, "inflow_loss": 1.6895571275689136, "outflow_loss": 1.7026314146217258, "inflow_accuracy_metric": 0.38243839144706726, "inflow_f1_metric": 0.37177154421806335, "inflow_aucroc_metric": 0.8115020990371704, "outflow_accuracy_metric": 0.36757487058639526, "outflow_f1_metric": 0.3622075319290161, "outflow_aucroc_metric": 0.8124179840087891, "val_loss": 3.3064546024098114, "val_inflow_loss": 1.636058575966779, "val_outflow_loss": 1.6703960544922773, "val_inflow_accuracy_metric": 0.3853510022163391, "val_inflow_f1_metric": 0.36829859018325806, "val_inflow_aucroc_metric": 0.8260172009468079, "val_outflow_accuracy_metric": 0.38446956872940063, "val_outflow_f1_metric": 0.36938077211380005, "val_outflow_aucroc_metric": 0.8219729065895081, "_timestamp": 1671125427.7114735, "_runtime": 297.57453751564026, "_step": 3}