{"epoch": 100, "loss": 2.2887157845771178, "inflow_loss": 1.1432701102618514, "outflow_loss": 1.145445675685488, "inflow_accuracy_metric": 0.559490442276001, "inflow_f1_metric": 0.5595046877861023, "inflow_aucroc_metric": 0.919158935546875, "outflow_accuracy_metric": 0.5509005784988403, "outflow_f1_metric": 0.5521146655082703, "outflow_aucroc_metric": 0.9206788539886475, "val_loss": 2.0285554002313053, "val_inflow_loss": 1.0127760838059818, "val_outflow_loss": 1.0157793164253235, "val_inflow_accuracy_metric": 0.6197262406349182, "val_inflow_f1_metric": 0.6210784912109375, "val_inflow_aucroc_metric": 0.9367296099662781, "val_outflow_accuracy_metric": 0.609442412853241, "val_outflow_f1_metric": 0.6134107708930969, "val_outflow_aucroc_metric": 0.9375498294830322, "_timestamp": 1671103902.302672, "_runtime": 4611.496783018112, "_step": 99, "_wandb": {"runtime": 4608}}