{"epoch": 92, "loss": 3.421665236867707, "inflow_loss": 1.6895833440210628, "outflow_loss": 1.732081885995536, "inflow_accuracy_metric": 0.3921942412853241, "inflow_f1_metric": 0.39160799980163574, "inflow_aucroc_metric": 0.8077738285064697, "outflow_accuracy_metric": 0.3755756616592407, "outflow_f1_metric": 0.37768295407295227, "outflow_aucroc_metric": 0.7993236780166626, "val_loss": 2.819867892698808, "val_inflow_loss": 1.4174073067578403, "val_outflow_loss": 1.4024605787161626, "val_inflow_accuracy_metric": 0.4944624602794647, "val_inflow_f1_metric": 0.48576149344444275, "val_inflow_aucroc_metric": 0.8735026121139526, "val_outflow_accuracy_metric": 0.5045422315597534, "val_outflow_f1_metric": 0.49726423621177673, "val_outflow_aucroc_metric": 0.8769016861915588, "_timestamp": 1671461812.8879583, "_runtime": 8630.575958251953, "_step": 91, "_wandb": {"runtime": 8628}}