{"epoch": 100, "loss": 0.13388993372691088, "inflow_loss": 0.07727027641630721, "outflow_loss": 0.056619656679017104, "inflow_accuracy_metric": 0.9823320508003235, "inflow_f1_metric": 0.9823364615440369, "inflow_aucroc_metric": 0.9997587203979492, "outflow_accuracy_metric": 0.9875067472457886, "outflow_f1_metric": 0.9875114560127258, "outflow_aucroc_metric": 0.9993069767951965, "val_loss": 20.189601955991805, "val_inflow_loss": 8.769887953093559, "val_outflow_loss": 11.41971391620058, "val_inflow_accuracy_metric": 0.4518938362598419, "val_inflow_f1_metric": 0.4495447874069214, "val_inflow_aucroc_metric": 0.8297100067138672, "val_outflow_accuracy_metric": 0.4501602053642273, "val_outflow_f1_metric": 0.44753605127334595, "val_outflow_aucroc_metric": 0.8176237344741821, "_timestamp": 1671566734.968734, "_runtime": 12133.886330127716, "_step": 99, "_wandb": {"runtime": 12128}}