{"epoch": 100, "loss": 2.9496892930625322, "inflow_loss": 1.454440794207833, "outflow_loss": 1.4952484953713108, "inflow_accuracy_metric": 0.4630628824234009, "inflow_f1_metric": 0.4715785086154938, "inflow_aucroc_metric": 0.8622147440910339, "outflow_accuracy_metric": 0.43414291739463806, "outflow_f1_metric": 0.4439113736152649, "outflow_aucroc_metric": 0.8540550470352173, "val_loss": 4.180518231149447, "val_inflow_loss": 2.095540454832174, "val_outflow_loss": 2.084977780358266, "val_inflow_accuracy_metric": 0.41332489252090454, "val_inflow_f1_metric": 0.4042821526527405, "val_inflow_aucroc_metric": 0.8356783390045166, "val_outflow_accuracy_metric": 0.4232550859451294, "val_outflow_f1_metric": 0.4235171377658844, "val_outflow_aucroc_metric": 0.8361314535140991, "_timestamp": 1672837508.3648095, "_runtime": 11588.697590589523, "_step": 99, "_wandb": {"runtime": 11587}}