{"epoch": 100, "loss": 2.0944109072630432, "inflow_loss": 1.0360669980103943, "outflow_loss": 1.0583439113079816, "inflow_accuracy_metric": 0.6091090440750122, "inflow_f1_metric": 0.607570230960846, "inflow_aucroc_metric": 0.9360513091087341, "outflow_accuracy_metric": 0.5962680578231812, "outflow_f1_metric": 0.5957589149475098, "outflow_aucroc_metric": 0.9350467324256897, "val_loss": 1.6591691409840303, "val_inflow_loss": 0.8266180332969216, "val_outflow_loss": 0.8325511076871086, "val_inflow_accuracy_metric": 0.687170684337616, "val_inflow_f1_metric": 0.6812988519668579, "val_inflow_aucroc_metric": 0.9588607549667358, "val_outflow_accuracy_metric": 0.6841846704483032, "val_outflow_f1_metric": 0.6806454062461853, "val_outflow_aucroc_metric": 0.9598120450973511, "_timestamp": 1670935789.7357357, "_runtime": 3174.420072555542, "_step": 99, "_wandb": {"runtime": 3168}}