{"epoch": 2, "loss": 3.4687435626983643, "inflow_loss": 1.7291880407423343, "outflow_loss": 1.7395555181002038, "inflow_accuracy_metric": 0.36839354038238525, "inflow_f1_metric": 0.3660471439361572, "inflow_aucroc_metric": 0.8011764883995056, "outflow_accuracy_metric": 0.3567827343940735, "outflow_f1_metric": 0.35824790596961975, "outflow_aucroc_metric": 0.7994610071182251, "val_loss": 3.3854126355076093, "val_inflow_loss": 1.710265874862671, "val_outflow_loss": 1.675146759680982, "val_inflow_accuracy_metric": 0.36060473322868347, "val_inflow_f1_metric": 0.36252784729003906, "val_inflow_aucroc_metric": 0.8082461357116699, "val_outflow_accuracy_metric": 0.38104021549224854, "val_outflow_f1_metric": 0.3828554153442383, "val_outflow_aucroc_metric": 0.8150851130485535, "_timestamp": 1670318265.101249, "_runtime": 192.24967908859253, "_step": 1, "_wandb": {"runtime": 390}}