{"epoch": 100, "loss": 2.6071324458067444, "inflow_loss": 1.2939647984230656, "outflow_loss": 1.313167661085896, "inflow_accuracy_metric": 0.5234091877937317, "inflow_f1_metric": 0.5261695981025696, "inflow_aucroc_metric": 0.8949066400527954, "outflow_accuracy_metric": 0.5047078728675842, "outflow_f1_metric": 0.5095224380493164, "outflow_aucroc_metric": 0.8933566808700562, "val_loss": 1.9712521048153149, "val_inflow_loss": 1.0292651513043571, "val_outflow_loss": 0.9419869429924909, "val_inflow_accuracy_metric": 0.6129088997840881, "val_inflow_f1_metric": 0.6162455081939697, "val_inflow_aucroc_metric": 0.9342624545097351, "val_outflow_accuracy_metric": 0.6342095732688904, "val_outflow_f1_metric": 0.6381977200508118, "val_outflow_aucroc_metric": 0.9454912543296814, "_timestamp": 1670322621.392118, "_runtime": 2601.7434968948364, "_step": 99, "_wandb": {"runtime": 2596}}