{"epoch": 100, "loss": 2.2339961775417985, "inflow_loss": 1.0723593755700123, "outflow_loss": 1.161636808822895, "inflow_accuracy_metric": 0.592695415019989, "inflow_f1_metric": 0.5890266299247742, "inflow_aucroc_metric": 0.9304171800613403, "outflow_accuracy_metric": 0.5576510429382324, "outflow_f1_metric": 0.5547375082969666, "outflow_aucroc_metric": 0.9194380044937134, "val_loss": 1.8845711034886978, "val_inflow_loss": 0.9301198265131783, "val_outflow_loss": 0.954451280481675, "val_inflow_accuracy_metric": 0.6505406498908997, "val_inflow_f1_metric": 0.6421011686325073, "val_inflow_aucroc_metric": 0.9461296200752258, "val_outflow_accuracy_metric": 0.6381283402442932, "val_outflow_f1_metric": 0.6329712867736816, "val_outflow_aucroc_metric": 0.9449794888496399, "_timestamp": 1671196202.699108, "_runtime": 6595.536643981934, "_step": 99, "_wandb": {"runtime": 6590}}