{"epoch": 30, "loss": 3.5665096537820222, "inflow_loss": 1.6692049797924084, "outflow_loss": 1.897304678100279, "inflow_accuracy_metric": 0.39519959688186646, "inflow_f1_metric": 0.4007100462913513, "inflow_aucroc_metric": 0.8094906806945801, "outflow_accuracy_metric": 0.29933229088783264, "outflow_f1_metric": 0.3033129572868347, "outflow_aucroc_metric": 0.74188232421875, "val_loss": 3.3873489770022305, "val_inflow_loss": 1.5769230235706677, "val_outflow_loss": 1.8104259678811738, "val_inflow_accuracy_metric": 0.47902244329452515, "val_inflow_f1_metric": 0.47484683990478516, "val_inflow_aucroc_metric": 0.8574193716049194, "val_outflow_accuracy_metric": 0.37754905223846436, "val_outflow_f1_metric": 0.3792670667171478, "val_outflow_aucroc_metric": 0.7934384942054749, "_timestamp": 1671551494.2200952, "_runtime": 1415.5680792331696, "_step": 29, "_wandb": {"runtime": 1403}}