{"epoch": 100, "loss": 0.13352530265505286, "inflow_loss": 0.07997381627217107, "outflow_loss": 0.053551486789666376, "inflow_accuracy_metric": 0.9809219241142273, "inflow_f1_metric": 0.9809165000915527, "inflow_aucroc_metric": 0.9997491240501404, "outflow_accuracy_metric": 0.9884046912193298, "outflow_f1_metric": 0.9884082078933716, "outflow_aucroc_metric": 0.9993090629577637, "val_loss": 19.776932282881305, "val_inflow_loss": 9.06750742594401, "val_outflow_loss": 10.70942482803807, "val_inflow_accuracy_metric": 0.4499407112598419, "val_inflow_f1_metric": 0.44634726643562317, "val_inflow_aucroc_metric": 0.8275132775306702, "val_outflow_accuracy_metric": 0.44572994112968445, "val_outflow_f1_metric": 0.44075605273246765, "val_outflow_aucroc_metric": 0.8196967244148254, "_timestamp": 1671603260.7749274, "_runtime": 13120.617953300476, "_step": 99, "_wandb": {"runtime": 13116}}