{"epoch": 100, "loss": 0.13546540960669518, "inflow_loss": 0.06542518871954117, "outflow_loss": 0.07004022067305686, "inflow_accuracy_metric": 0.9859689474105835, "inflow_f1_metric": 0.9859693050384521, "inflow_aucroc_metric": 0.9998397827148438, "outflow_accuracy_metric": 0.9834882616996765, "outflow_f1_metric": 0.9834847450256348, "outflow_aucroc_metric": 0.9997925162315369, "val_loss": 0.03541067028135964, "val_inflow_loss": 0.018656356260180473, "val_outflow_loss": 0.01675431393651348, "val_inflow_accuracy_metric": 0.9983406066894531, "val_inflow_f1_metric": 0.9983425736427307, "val_inflow_aucroc_metric": 0.999996542930603, "val_outflow_accuracy_metric": 0.9989324808120728, "val_outflow_f1_metric": 0.9989328384399414, "val_outflow_aucroc_metric": 0.9999969005584717, "_timestamp": 1671513213.2932038, "_runtime": 9615.18742275238, "_step": 99, "_wandb": {"runtime": 9613}}