{"epoch": 100, "loss": 2.9615286109091223, "inflow_loss": 1.4348279087022804, "outflow_loss": 1.5267007104281722, "inflow_accuracy_metric": 0.4770987629890442, "inflow_f1_metric": 0.4763364791870117, "inflow_aucroc_metric": 0.8678575754165649, "outflow_accuracy_metric": 0.4335160553455353, "outflow_f1_metric": 0.43435168266296387, "outflow_aucroc_metric": 0.8515841364860535, "val_loss": 2.4885071866652546, "val_inflow_loss": 1.2188172340393066, "val_outflow_loss": 1.2696899456136368, "val_inflow_accuracy_metric": 0.5612804293632507, "val_inflow_f1_metric": 0.5604564547538757, "val_inflow_aucroc_metric": 0.9017935991287231, "val_outflow_accuracy_metric": 0.5388978719711304, "val_outflow_f1_metric": 0.5445556640625, "val_outflow_aucroc_metric": 0.8972647190093994, "_timestamp": 1671175576.2139525, "_runtime": 6753.685508489609, "_step": 99, "_wandb": {"runtime": 6751}}