{"epoch": 21, "loss": 2.02618960608011, "inflow_loss": 1.0394488062666751, "outflow_loss": 0.9867407933048818, "inflow_accuracy_metric": 0.6026061177253723, "inflow_f1_metric": 0.6018766164779663, "inflow_aucroc_metric": 0.935860276222229, "outflow_accuracy_metric": 0.6171589493751526, "outflow_f1_metric": 0.6171488761901855, "outflow_aucroc_metric": 0.9419440627098083, "val_loss": 4.0329141038836855, "val_inflow_loss": 1.854458794449315, "val_outflow_loss": 2.178455356395606, "val_inflow_accuracy_metric": 0.47743088006973267, "val_inflow_f1_metric": 0.48060569167137146, "val_inflow_aucroc_metric": 0.8512136340141296, "val_outflow_accuracy_metric": 0.476762592792511, "val_outflow_f1_metric": 0.4752991497516632, "val_outflow_aucroc_metric": 0.8472117185592651, "_timestamp": 1671551651.108612, "_runtime": 1820.5077390670776, "_step": 20, "_wandb": {"runtime": 1813}}