{"epoch": 3, "loss": 3.3029693488417, "inflow_loss": 1.6771706637294812, "outflow_loss": 1.625798678946221, "inflow_accuracy_metric": 0.3778110444545746, "inflow_f1_metric": 0.37557506561279297, "inflow_aucroc_metric": 0.8144980072975159, "outflow_accuracy_metric": 0.3879890739917755, "outflow_f1_metric": 0.3878764808177948, "outflow_aucroc_metric": 0.8301581740379333, "val_loss": 3.5344116976766875, "val_inflow_loss": 1.6828074346889148, "val_outflow_loss": 1.8516042593753699, "val_inflow_accuracy_metric": 0.41456595063209534, "val_inflow_f1_metric": 0.41046568751335144, "val_inflow_aucroc_metric": 0.813005268573761, "val_outflow_accuracy_metric": 0.40801671147346497, "val_outflow_f1_metric": 0.4142609238624573, "val_outflow_aucroc_metric": 0.7984669208526611, "_timestamp": 1671562341.4387796, "_runtime": 269.446626663208, "_step": 2}