{"epoch": 100, "loss": 0.07058334404110224, "inflow_loss": 0.03534194520385615, "outflow_loss": 0.03524139864991108, "inflow_accuracy_metric": 0.9972050189971924, "inflow_f1_metric": 0.9972046613693237, "inflow_aucroc_metric": 0.9999850988388062, "outflow_accuracy_metric": 0.9962438941001892, "outflow_f1_metric": 0.9962431788444519, "outflow_aucroc_metric": 0.9999801516532898, "val_loss": 0.02387970652092587, "val_inflow_loss": 0.012366786570937344, "val_outflow_loss": 0.011512919949988524, "val_inflow_accuracy_metric": 0.9998224973678589, "val_inflow_f1_metric": 0.9998224973678589, "val_inflow_aucroc_metric": 0.9999998211860657, "val_outflow_accuracy_metric": 0.9996427297592163, "val_outflow_f1_metric": 0.999643862247467, "val_outflow_aucroc_metric": 0.9999999403953552, "_timestamp": 1671513905.7432868, "_runtime": 10227.11307477951, "_step": 99, "_wandb": {"runtime": 10224}}