{"epoch": 4, "loss": 3.166267231963147, "inflow_loss": 1.6079567616013275, "outflow_loss": 1.5583104655660431, "inflow_accuracy_metric": 0.40424683690071106, "inflow_f1_metric": 0.4039705991744995, "inflow_aucroc_metric": 0.8310829997062683, "outflow_accuracy_metric": 0.41286078095436096, "outflow_f1_metric": 0.41496628522872925, "outflow_aucroc_metric": 0.8444796204566956, "val_loss": 3.4256083315069024, "val_inflow_loss": 1.643123214895075, "val_outflow_loss": 1.7824851166118274, "val_inflow_accuracy_metric": 0.4373428225517273, "val_inflow_f1_metric": 0.4387184679508209, "val_inflow_aucroc_metric": 0.8245063424110413, "val_outflow_accuracy_metric": 0.4206373691558838, "val_outflow_f1_metric": 0.4251849055290222, "val_outflow_aucroc_metric": 0.8087960481643677, "_timestamp": 1671555004.8072972, "_runtime": 387.5511882305145, "_step": 3, "_wandb": {"runtime": 469}}