{"epoch": 4, "loss": 3.1594707609593184, "inflow_loss": 1.6051574390510033, "outflow_loss": 1.554313312316763, "inflow_accuracy_metric": 0.4053485095500946, "inflow_f1_metric": 0.40486472845077515, "inflow_aucroc_metric": 0.8315569162368774, "outflow_accuracy_metric": 0.41498643159866333, "outflow_f1_metric": 0.41736799478530884, "outflow_aucroc_metric": 0.845365583896637, "val_loss": 3.394236586310647, "val_inflow_loss": 1.660609285036723, "val_outflow_loss": 1.7336272940491184, "val_inflow_accuracy_metric": 0.4205501675605774, "val_inflow_f1_metric": 0.42659860849380493, "val_inflow_aucroc_metric": 0.8218031525611877, "val_outflow_accuracy_metric": 0.4085000157356262, "val_outflow_f1_metric": 0.4213762879371643, "val_outflow_aucroc_metric": 0.812486469745636, "_timestamp": 1671550319.1382082, "_runtime": 592.109827041626, "_step": 3, "_wandb": {"runtime": 718}}