{"epoch": 96, "loss": 2.9934147007163916, "inflow_loss": 1.510680698800361, "outflow_loss": 1.4827339978053653, "inflow_accuracy_metric": 0.4570966362953186, "inflow_f1_metric": 0.4556714594364166, "inflow_aucroc_metric": 0.8525846004486084, "outflow_accuracy_metric": 0.4568476974964142, "outflow_f1_metric": 0.45981189608573914, "outflow_aucroc_metric": 0.8616217970848083, "val_loss": 2.6557173869189095, "val_inflow_loss": 1.3558509490069222, "val_outflow_loss": 1.2998664519366097, "val_inflow_accuracy_metric": 0.5221216082572937, "val_inflow_f1_metric": 0.516468346118927, "val_inflow_aucroc_metric": 0.8798510432243347, "val_outflow_accuracy_metric": 0.531825602054596, "val_outflow_f1_metric": 0.5347059965133667, "val_outflow_aucroc_metric": 0.8921844959259033, "_timestamp": 1671029047.87482, "_runtime": 5896.773175001144, "_step": 95, "_wandb": {"runtime": 5867}}