{"epoch": 46, "loss": 2.9438501620779234, "inflow_loss": 1.519359834340154, "outflow_loss": 1.4244903240885054, "inflow_accuracy_metric": 0.43513378500938416, "inflow_f1_metric": 0.41710564494132996, "inflow_aucroc_metric": 0.8404701948165894, "outflow_accuracy_metric": 0.43794775009155273, "outflow_f1_metric": 0.4269704222679138, "outflow_aucroc_metric": 0.870092511177063, "val_loss": 3.8148502927077446, "val_inflow_loss": 1.6896964374341463, "val_outflow_loss": 2.125153858410685, "val_inflow_accuracy_metric": 0.43484100699424744, "val_inflow_f1_metric": 0.4297236502170563, "val_inflow_aucroc_metric": 0.8270155191421509, "val_outflow_accuracy_metric": 0.25544819235801697, "val_outflow_f1_metric": 0.2360311895608902, "val_outflow_aucroc_metric": 0.6833882927894592, "_timestamp": 1676022488.3869004, "_runtime": 2035.0898745059967, "_step": 45, "_wandb": {"runtime": 2029}}