{"epoch": 100, "loss": 3.0231312061178275, "inflow_loss": 1.462342566457288, "outflow_loss": 1.5607886424009827, "inflow_accuracy_metric": 0.469939649105072, "inflow_f1_metric": 0.4778423607349396, "inflow_aucroc_metric": 0.8529493808746338, "outflow_accuracy_metric": 0.42244088649749756, "outflow_f1_metric": 0.4295155704021454, "outflow_aucroc_metric": 0.8348431587219238, "val_loss": 1.9855595686856438, "val_inflow_loss": 0.9338053815505084, "val_outflow_loss": 1.0517541871351355, "val_inflow_accuracy_metric": 0.6474469900131226, "val_inflow_f1_metric": 0.6456940770149231, "val_inflow_aucroc_metric": 0.94671630859375, "val_outflow_accuracy_metric": 0.5939216613769531, "val_outflow_f1_metric": 0.592247724533081, "val_outflow_aucroc_metric": 0.932030975818634, "_timestamp": 1671375346.0255187, "_runtime": 3068.1432275772095, "_step": 99, "_wandb": {"runtime": 3062}}