{"epoch": 1, "loss": 3.9752782350299003, "inflow_loss": 1.9851104212903428, "outflow_loss": 1.9901678192204442, "inflow_accuracy_metric": 0.25967568159103394, "inflow_f1_metric": 0.21388380229473114, "inflow_aucroc_metric": 0.7134512662887573, "outflow_accuracy_metric": 0.2501613199710846, "outflow_f1_metric": 0.20599336922168732, "outflow_aucroc_metric": 0.7169431447982788, "val_loss": 3.4804969675400677, "val_inflow_loss": 1.721621085615719, "val_outflow_loss": 1.7588758819243486, "val_inflow_accuracy_metric": 0.3642592132091522, "val_inflow_f1_metric": 0.33987733721733093, "val_inflow_aucroc_metric": 0.8019318580627441, "val_outflow_accuracy_metric": 0.34591755270957947, "val_outflow_f1_metric": 0.31570965051651, "val_outflow_aucroc_metric": 0.7993746995925903, "_timestamp": 1671119587.9469461, "_runtime": 77.23169803619385, "_step": 0, "_wandb": {"runtime": 143}}