{"epoch": 100, "loss": 3.104748897168828, "inflow_loss": 1.4741376117728222, "outflow_loss": 1.6306112778597865, "inflow_accuracy_metric": 0.45921942591667175, "inflow_f1_metric": 0.4684276878833771, "inflow_aucroc_metric": 0.8520627021789551, "outflow_accuracy_metric": 0.39200758934020996, "outflow_f1_metric": 0.39803436398506165, "outflow_aucroc_metric": 0.8188742995262146, "val_loss": 4.177719542474458, "val_inflow_loss": 2.207344004602143, "val_outflow_loss": 1.9703755161978982, "val_inflow_accuracy_metric": 0.46297234296798706, "val_inflow_f1_metric": 0.45507892966270447, "val_inflow_aucroc_metric": 0.840759813785553, "val_outflow_accuracy_metric": 0.4464993476867676, "val_outflow_f1_metric": 0.43580713868141174, "val_outflow_aucroc_metric": 0.8327089548110962, "_timestamp": 1671557516.50778, "_runtime": 5113.793930053711, "_step": 99, "_wandb": {"runtime": 5111}}