{"epoch": 41, "loss": 3.062811284229673, "inflow_loss": 1.4989086403243843, "outflow_loss": 1.5639026439052888, "inflow_accuracy_metric": 0.4624426066875458, "inflow_f1_metric": 0.46063220500946045, "inflow_aucroc_metric": 0.855381429195404, "outflow_accuracy_metric": 0.42523759603500366, "outflow_f1_metric": 0.42482826113700867, "outflow_aucroc_metric": 0.8457465171813965, "val_loss": 2.737954616546631, "val_inflow_loss": 1.3112594660590677, "val_outflow_loss": 1.4266951715244967, "val_inflow_accuracy_metric": 0.5389404296875, "val_inflow_f1_metric": 0.5403634905815125, "val_inflow_aucroc_metric": 0.8879435062408447, "val_outflow_accuracy_metric": 0.4800947904586792, "val_outflow_f1_metric": 0.48642292618751526, "val_outflow_aucroc_metric": 0.8729783296585083, "_timestamp": 1671076349.5832496, "_runtime": 1434.7839934825897, "_step": 40}