{"epoch": 100, "loss": 1.4577684909447857, "inflow_loss": 0.7079834571515007, "outflow_loss": 0.7497850348209513, "inflow_accuracy_metric": 0.7278979420661926, "inflow_f1_metric": 0.7274986505508423, "inflow_aucroc_metric": 0.9703004956245422, "outflow_accuracy_metric": 0.7080985903739929, "outflow_f1_metric": 0.7081846594810486, "outflow_aucroc_metric": 0.9668518304824829, "val_loss": 1.0421589197534504, "val_inflow_loss": 0.5116496808601149, "val_outflow_loss": 0.5305092280561273, "val_inflow_accuracy_metric": 0.8003686666488647, "val_inflow_f1_metric": 0.8008340001106262, "val_inflow_aucroc_metric": 0.9842534065246582, "val_outflow_accuracy_metric": 0.7920740246772766, "val_outflow_f1_metric": 0.7932406663894653, "val_outflow_aucroc_metric": 0.983248770236969, "_timestamp": 1671476623.4032092, "_runtime": 7955.193384170532, "_step": 99, "_wandb": {"runtime": 7938}}