{"epoch": 100, "loss": 2.4500101571795585, "inflow_loss": 1.2389445757043773, "outflow_loss": 1.2110655814751812, "inflow_accuracy_metric": 0.538175106048584, "inflow_f1_metric": 0.5382035970687866, "inflow_aucroc_metric": 0.9050413370132446, "outflow_accuracy_metric": 0.5359450578689575, "outflow_f1_metric": 0.5376370549201965, "outflow_aucroc_metric": 0.9109699726104736, "val_loss": 1.6346227000741398, "val_inflow_loss": 0.91022789478302, "val_outflow_loss": 0.724394794772653, "val_inflow_accuracy_metric": 0.6453777551651001, "val_inflow_f1_metric": 0.6454498171806335, "val_inflow_aucroc_metric": 0.94964599609375, "val_outflow_accuracy_metric": 0.7092797160148621, "val_outflow_f1_metric": 0.711316704750061, "val_outflow_aucroc_metric": 0.9682287573814392, "_timestamp": 1670913101.6333435, "_runtime": 2863.5473353862762, "_step": 99, "_wandb": {"runtime": 2862}}