{"epoch": 100, "loss": 3.1903430812660303, "inflow_loss": 1.5716580412853722, "outflow_loss": 1.61868504135088, "inflow_accuracy_metric": 0.4345162510871887, "inflow_f1_metric": 0.44208627939224243, "inflow_aucroc_metric": 0.8293073177337646, "outflow_accuracy_metric": 0.40548697113990784, "outflow_f1_metric": 0.4147435426712036, "outflow_aucroc_metric": 0.821199357509613, "val_loss": 2.280318456537583, "val_inflow_loss": 1.1362208268221687, "val_outflow_loss": 1.1440976297154146, "val_inflow_accuracy_metric": 0.5815188884735107, "val_inflow_f1_metric": 0.5836854577064514, "val_inflow_aucroc_metric": 0.9178070425987244, "val_outflow_accuracy_metric": 0.5681037902832031, "val_outflow_f1_metric": 0.5711610317230225, "val_outflow_aucroc_metric": 0.9189500212669373, "_timestamp": 1671374823.9566567, "_runtime": 2672.064891576767, "_step": 99}