{"epoch": 100, "loss": 3.390470169056421, "inflow_loss": 1.6295677601605996, "outflow_loss": 1.7609024178022625, "inflow_accuracy_metric": 0.4057891070842743, "inflow_f1_metric": 0.4133206605911255, "inflow_aucroc_metric": 0.8188061714172363, "outflow_accuracy_metric": 0.35035213828086853, "outflow_f1_metric": 0.3550242781639099, "outflow_aucroc_metric": 0.78411865234375, "val_loss": 3.4896985256310664, "val_inflow_loss": 1.7133887283729785, "val_outflow_loss": 1.7763098008704907, "val_inflow_accuracy_metric": 0.44162359833717346, "val_inflow_f1_metric": 0.44597604870796204, "val_inflow_aucroc_metric": 0.8260135650634766, "val_outflow_accuracy_metric": 0.40154728293418884, "val_outflow_f1_metric": 0.40694475173950195, "val_outflow_aucroc_metric": 0.7935500144958496, "_timestamp": 1671557437.705802, "_runtime": 5094.065865039825, "_step": 99, "_wandb": {"runtime": 5090}}