{"epoch": 100, "loss": 2.815718261674903, "inflow_loss": 1.4008692489273247, "outflow_loss": 1.4148490154880218, "inflow_accuracy_metric": 0.4900122880935669, "inflow_f1_metric": 0.4892949163913727, "inflow_aucroc_metric": 0.8748677372932434, "outflow_accuracy_metric": 0.46873337030410767, "outflow_f1_metric": 0.4712320566177368, "outflow_aucroc_metric": 0.8748777508735657, "val_loss": 2.484852005453671, "val_inflow_loss": 1.2285961684058695, "val_outflow_loss": 1.2562558019862455, "val_inflow_accuracy_metric": 0.5615059733390808, "val_inflow_f1_metric": 0.5584139227867126, "val_inflow_aucroc_metric": 0.9011715650558472, "val_outflow_accuracy_metric": 0.5402765274047852, "val_outflow_f1_metric": 0.5442992448806763, "val_outflow_aucroc_metric": 0.9001432657241821, "_timestamp": 1671132521.5485554, "_runtime": 7014.872681379318, "_step": 99, "_wandb": {"runtime": 7013}}