{"epoch": 100, "loss": 0.1382786857242557, "inflow_loss": 0.08406592104798076, "outflow_loss": 0.05421276471909435, "inflow_accuracy_metric": 0.9797952771186829, "inflow_f1_metric": 0.9797865748405457, "inflow_aucroc_metric": 0.9997126460075378, "outflow_accuracy_metric": 0.98808753490448, "outflow_f1_metric": 0.9880828857421875, "outflow_aucroc_metric": 0.9993062615394592, "val_loss": 20.77447579123757, "val_inflow_loss": 9.051737322951809, "val_outflow_loss": 11.72273841048732, "val_inflow_accuracy_metric": 0.4568041265010834, "val_inflow_f1_metric": 0.4516246020793915, "val_inflow_aucroc_metric": 0.8275387287139893, "val_outflow_accuracy_metric": 0.45241573452949524, "val_outflow_f1_metric": 0.4472520649433136, "val_outflow_aucroc_metric": 0.8174917697906494, "_timestamp": 1671572528.4201365, "_runtime": 9410.949290513992, "_step": 99, "_wandb": {"runtime": 9408}}