{"epoch": 89, "loss": 2.875592574305918, "inflow_loss": 1.3940427728082943, "outflow_loss": 1.4815498042380673, "inflow_accuracy_metric": 0.49140849709510803, "inflow_f1_metric": 0.489688903093338, "inflow_aucroc_metric": 0.8761196732521057, "outflow_accuracy_metric": 0.4464695453643799, "outflow_f1_metric": 0.4465593695640564, "outflow_aucroc_metric": 0.8622815608978271, "val_loss": 2.6473965925328873, "val_inflow_loss": 1.258763032801011, "val_outflow_loss": 1.3886336158303654, "val_inflow_accuracy_metric": 0.5503886938095093, "val_inflow_f1_metric": 0.5433414578437805, "val_inflow_aucroc_metric": 0.8996413946151733, "val_outflow_accuracy_metric": 0.48801496624946594, "val_outflow_f1_metric": 0.4944038391113281, "val_outflow_aucroc_metric": 0.880706787109375, "_timestamp": 1671086218.705572, "_runtime": 3679.592314004898, "_step": 88, "_wandb": {"runtime": 3650}}