{"epoch": 4, "loss": 3.1630173277580873, "inflow_loss": 1.6059266479536034, "outflow_loss": 1.5570906859704818, "inflow_accuracy_metric": 0.4052824378013611, "inflow_f1_metric": 0.4053032398223877, "inflow_aucroc_metric": 0.8315943479537964, "outflow_accuracy_metric": 0.4134935438632965, "outflow_f1_metric": 0.4159279763698578, "outflow_aucroc_metric": 0.8445464968681335, "val_loss": 3.3949575062954063, "val_inflow_loss": 1.6356491609053179, "val_outflow_loss": 1.7593083381652832, "val_inflow_accuracy_metric": 0.4385620057582855, "val_inflow_f1_metric": 0.4396631121635437, "val_inflow_aucroc_metric": 0.8264663815498352, "val_outflow_accuracy_metric": 0.41849592328071594, "val_outflow_f1_metric": 0.4243592321872711, "val_outflow_aucroc_metric": 0.8135163187980652, "_timestamp": 1671553144.5961401, "_runtime": 386.96602725982666, "_step": 3, "_wandb": {"runtime": 469}}