{"epoch": 100, "loss": 0.13354212281176414, "inflow_loss": 0.07843042391983943, "outflow_loss": 0.05511169867782757, "inflow_accuracy_metric": 0.9813260436058044, "inflow_f1_metric": 0.9813259840011597, "inflow_aucroc_metric": 0.9997385144233704, "outflow_accuracy_metric": 0.9886741042137146, "outflow_f1_metric": 0.988677442073822, "outflow_aucroc_metric": 0.9993007183074951, "val_loss": 19.95924290743741, "val_inflow_loss": 8.538886084701076, "val_outflow_loss": 11.420357010581277, "val_inflow_accuracy_metric": 0.4483254551887512, "val_inflow_f1_metric": 0.44734227657318115, "val_inflow_aucroc_metric": 0.8292208313941956, "val_outflow_accuracy_metric": 0.44827061891555786, "val_outflow_f1_metric": 0.44594112038612366, "val_outflow_aucroc_metric": 0.8151285648345947, "_timestamp": 1671603259.5297189, "_runtime": 13104.989753961563, "_step": 99, "_wandb": {"runtime": 13102}}