{"epoch": 1, "loss": 4.302823301019339, "inflow_loss": 2.1443749655937325, "outflow_loss": 2.1584483302872757, "inflow_accuracy_metric": 0.18340618908405304, "inflow_f1_metric": 0.13638389110565186, "inflow_aucroc_metric": 0.6414206624031067, "outflow_accuracy_metric": 0.17604127526283264, "outflow_f1_metric": 0.13659223914146423, "outflow_aucroc_metric": 0.6385369896888733, "val_loss": 3.9176183505491777, "val_inflow_loss": 1.9602971239523455, "val_outflow_loss": 1.9573212265968323, "val_inflow_accuracy_metric": 0.24325072765350342, "val_inflow_f1_metric": 0.18250125646591187, "val_inflow_aucroc_metric": 0.7431426644325256, "val_outflow_accuracy_metric": 0.2456093728542328, "val_outflow_f1_metric": 0.20408552885055542, "val_outflow_aucroc_metric": 0.7451184988021851, "_timestamp": 1671168706.1289964, "_runtime": 99.91046833992004, "_step": 0}