{"epoch": 7, "loss": 3.7387451480846017, "inflow_loss": 1.8624479381405576, "outflow_loss": 1.8762972087276226, "inflow_accuracy_metric": 0.3063194751739502, "inflow_f1_metric": 0.2711203098297119, "inflow_aucroc_metric": 0.7484184503555298, "outflow_accuracy_metric": 0.2777966558933258, "outflow_f1_metric": 0.2513733208179474, "outflow_aucroc_metric": 0.7583961486816406, "val_loss": 4.061805994887101, "val_inflow_loss": 1.7955951784786426, "val_outflow_loss": 2.2662108195455453, "val_inflow_accuracy_metric": 0.3083813190460205, "val_inflow_f1_metric": 0.2636089324951172, "val_inflow_aucroc_metric": 0.7530563473701477, "val_outflow_accuracy_metric": 0.15281660854816437, "val_outflow_f1_metric": 0.09897054731845856, "val_outflow_aucroc_metric": 0.4788919687271118, "_timestamp": 1676020348.6338205, "_runtime": 316.01118564605713, "_step": 6}