{"epoch": 1, "loss": 3.9541876617519334, "inflow_loss": 1.9734669636035789, "outflow_loss": 1.9807206940376896, "inflow_accuracy_metric": 0.26465117931365967, "inflow_f1_metric": 0.2184847891330719, "inflow_aucroc_metric": 0.7166289687156677, "outflow_accuracy_metric": 0.25219303369522095, "outflow_f1_metric": 0.20814283192157745, "outflow_aucroc_metric": 0.7196956872940063, "val_loss": 3.456589502446792, "val_inflow_loss": 1.7125924895791447, "val_outflow_loss": 1.7439970198799581, "val_inflow_accuracy_metric": 0.3664056062698364, "val_inflow_f1_metric": 0.34174656867980957, "val_inflow_aucroc_metric": 0.8024899959564209, "val_outflow_accuracy_metric": 0.35464197397232056, "val_outflow_f1_metric": 0.3382166624069214, "val_outflow_aucroc_metric": 0.8010147213935852, "_timestamp": 1671119018.1627326, "_runtime": 65.06743454933167, "_step": 0, "_wandb": {"runtime": 117}}