{"epoch": 45, "loss": 3.6144583225250244, "inflow_loss": 1.7967731431982983, "outflow_loss": 1.8176851724756176, "inflow_accuracy_metric": 0.35156482458114624, "inflow_f1_metric": 0.34895792603492737, "inflow_aucroc_metric": 0.7797827124595642, "outflow_accuracy_metric": 0.3438570201396942, "outflow_f1_metric": 0.3467773199081421, "outflow_aucroc_metric": 0.7725237011909485, "val_loss": 3.058435131521786, "val_inflow_loss": 1.5495993319679708, "val_outflow_loss": 1.5088358065661263, "val_inflow_accuracy_metric": 0.4477623999118805, "val_inflow_f1_metric": 0.4364871084690094, "val_inflow_aucroc_metric": 0.8453127145767212, "val_outflow_accuracy_metric": 0.46046724915504456, "val_outflow_f1_metric": 0.45083022117614746, "val_outflow_aucroc_metric": 0.8557165265083313, "_timestamp": 1671456825.2886128, "_runtime": 3096.1130018234253, "_step": 44, "_wandb": {"runtime": 3092}}