{"epoch": 1, "loss": 4.140369015178461, "inflow_loss": 2.061854572131716, "outflow_loss": 2.078514463600071, "inflow_accuracy_metric": 0.23750022053718567, "inflow_f1_metric": 0.18627557158470154, "inflow_aucroc_metric": 0.6845612525939941, "outflow_accuracy_metric": 0.22816114127635956, "outflow_f1_metric": 0.17883245646953583, "outflow_aucroc_metric": 0.6830750107765198, "val_loss": 3.801314536262961, "val_inflow_loss": 1.8793432782678043, "val_outflow_loss": 1.9219712790320902, "val_inflow_accuracy_metric": 0.28920459747314453, "val_inflow_f1_metric": 0.22636061906814575, "val_inflow_aucroc_metric": 0.7595111131668091, "val_outflow_accuracy_metric": 0.2747578024864197, "val_outflow_f1_metric": 0.2190365046262741, "val_outflow_aucroc_metric": 0.7479219436645508, "_timestamp": 1670909917.078608, "_runtime": 40.68717408180237, "_step": 0, "_wandb": {"runtime": 44}}