{"epoch": 100, "loss": 3.0283076132851083, "inflow_loss": 1.4652826374974743, "outflow_loss": 1.563024966196082, "inflow_accuracy_metric": 0.46845051646232605, "inflow_f1_metric": 0.47614169120788574, "inflow_aucroc_metric": 0.8528976440429688, "outflow_accuracy_metric": 0.4239421784877777, "outflow_f1_metric": 0.43180570006370544, "outflow_aucroc_metric": 0.8345482349395752, "val_loss": 1.9290554733837353, "val_inflow_loss": 0.9092762715676251, "val_outflow_loss": 1.0197792158407324, "val_inflow_accuracy_metric": 0.6593129634857178, "val_inflow_f1_metric": 0.6574360728263855, "val_inflow_aucroc_metric": 0.9503372311592102, "val_outflow_accuracy_metric": 0.6024797558784485, "val_outflow_f1_metric": 0.6024256944656372, "val_outflow_aucroc_metric": 0.936394989490509, "_timestamp": 1671375320.4208105, "_runtime": 3084.140867471695, "_step": 99, "_wandb": {"runtime": 3082}}