{"epoch": 84, "loss": 2.782557824562336, "inflow_loss": 1.337865978821941, "outflow_loss": 1.444691845740395, "inflow_accuracy_metric": 0.5073360204696655, "inflow_f1_metric": 0.5078160166740417, "inflow_aucroc_metric": 0.8861172795295715, "outflow_accuracy_metric": 0.4604172110557556, "outflow_f1_metric": 0.46359795331954956, "outflow_aucroc_metric": 0.8682653307914734, "val_loss": 2.5471115392797135, "val_inflow_loss": 1.2580557220122393, "val_outflow_loss": 1.289055817267474, "val_inflow_accuracy_metric": 0.5478048324584961, "val_inflow_f1_metric": 0.5414800047874451, "val_inflow_aucroc_metric": 0.8978517651557922, "val_outflow_accuracy_metric": 0.5345308780670166, "val_outflow_f1_metric": 0.5329675674438477, "val_outflow_aucroc_metric": 0.8951824307441711, "_timestamp": 1671174750.670816, "_runtime": 5868.809231996536, "_step": 83, "_wandb": {"runtime": 5863}}