{"epoch": 97, "loss": 1.8449171493793357, "inflow_loss": 0.8833395664034218, "outflow_loss": 0.9615775846886909, "inflow_accuracy_metric": 0.6490022540092468, "inflow_f1_metric": 0.6468769311904907, "inflow_aucroc_metric": 0.9532751441001892, "outflow_accuracy_metric": 0.6190347671508789, "outflow_f1_metric": 0.6181899309158325, "outflow_aucroc_metric": 0.9455099701881409, "val_loss": 1.3808831843462857, "val_inflow_loss": 0.6684579488002893, "val_outflow_loss": 0.7124252301273923, "val_inflow_accuracy_metric": 0.7466130256652832, "val_inflow_f1_metric": 0.745585024356842, "val_inflow_aucroc_metric": 0.9734365344047546, "val_outflow_accuracy_metric": 0.7297062873840332, "val_outflow_f1_metric": 0.729614794254303, "val_outflow_aucroc_metric": 0.9705267548561096, "_timestamp": 1671511410.1336374, "_runtime": 10150.488406419754, "_step": 96, "_wandb": {"runtime": 10141}}