{"epoch": 100, "loss": 2.3209403629960685, "inflow_loss": 1.1134508820785873, "outflow_loss": 1.207489486398368, "inflow_accuracy_metric": 0.5786803960800171, "inflow_f1_metric": 0.5753201246261597, "inflow_aucroc_metric": 0.9249280095100403, "outflow_accuracy_metric": 0.5400378108024597, "outflow_f1_metric": 0.5374413132667542, "outflow_aucroc_metric": 0.9126892685890198, "val_loss": 1.950767019215752, "val_inflow_loss": 0.9602652332362007, "val_outflow_loss": 0.9905017859795514, "val_inflow_accuracy_metric": 0.6377460360527039, "val_inflow_f1_metric": 0.6252414584159851, "val_inflow_aucroc_metric": 0.94352126121521, "val_outflow_accuracy_metric": 0.6267949938774109, "val_outflow_f1_metric": 0.6157336235046387, "val_outflow_aucroc_metric": 0.9422423243522644, "_timestamp": 1671195733.6566718, "_runtime": 5915.39647769928, "_step": 99, "_wandb": {"runtime": 5913}}