{"epoch": 6, "loss": 3.3135340734459886, "inflow_loss": 1.645621954709634, "outflow_loss": 1.6679121187363548, "inflow_accuracy_metric": 0.40049344301223755, "inflow_f1_metric": 0.3928978443145752, "inflow_aucroc_metric": 0.8224741816520691, "outflow_accuracy_metric": 0.3802126348018646, "outflow_f1_metric": 0.37630602717399597, "outflow_aucroc_metric": 0.8216478228569031, "val_loss": 3.0959744032691505, "val_inflow_loss": 1.5335628495496862, "val_outflow_loss": 1.5624115607317757, "val_inflow_accuracy_metric": 0.4294009804725647, "val_inflow_f1_metric": 0.42518386244773865, "val_inflow_aucroc_metric": 0.8475726246833801, "val_outflow_accuracy_metric": 0.4217242896556854, "val_outflow_f1_metric": 0.4215753674507141, "val_outflow_aucroc_metric": 0.8429503440856934, "_timestamp": 1671122959.5328956, "_runtime": 403.8178765773773, "_step": 5, "_wandb": {"runtime": 460}}