{"epoch": 4, "loss": 3.1673034470656822, "inflow_loss": 1.6094358070143338, "outflow_loss": 1.5578676414215702, "inflow_accuracy_metric": 0.40370678901672363, "inflow_f1_metric": 0.4028444290161133, "inflow_aucroc_metric": 0.8306598663330078, "outflow_accuracy_metric": 0.4133588373661041, "outflow_f1_metric": 0.4156564176082611, "outflow_aucroc_metric": 0.8444435000419617, "val_loss": 3.3466233773664995, "val_inflow_loss": 1.603191234848716, "val_outflow_loss": 1.743432146130186, "val_inflow_accuracy_metric": 0.43719857931137085, "val_inflow_f1_metric": 0.4405500888824463, "val_inflow_aucroc_metric": 0.8304294943809509, "val_outflow_accuracy_metric": 0.4192545413970947, "val_outflow_f1_metric": 0.42632046341896057, "val_outflow_aucroc_metric": 0.8119358420372009, "_timestamp": 1671551406.768391, "_runtime": 523.245766878128, "_step": 3, "_wandb": {"runtime": 632}}