{"epoch": 2, "loss": 3.527283172497804, "inflow_loss": 1.760353103451345, "outflow_loss": 1.7669300758975677, "inflow_accuracy_metric": 0.35365432500839233, "inflow_f1_metric": 0.33454111218452454, "inflow_aucroc_metric": 0.794082522392273, "outflow_accuracy_metric": 0.3431176245212555, "outflow_f1_metric": 0.32921895384788513, "outflow_aucroc_metric": 0.7958239912986755, "val_loss": 3.4523482182446648, "val_inflow_loss": 1.6950587665333468, "val_outflow_loss": 1.7572894727482515, "val_inflow_accuracy_metric": 0.3999640941619873, "val_inflow_f1_metric": 0.3787264823913574, "val_inflow_aucroc_metric": 0.8040708303451538, "val_outflow_accuracy_metric": 0.3733085095882416, "val_outflow_f1_metric": 0.3438001573085785, "val_outflow_aucroc_metric": 0.8004801869392395, "_timestamp": 1671124976.12894, "_runtime": 151.0779151916504, "_step": 1}