{"epoch": 100, "loss": 3.1646127971735867, "inflow_loss": 1.5583841042085127, "outflow_loss": 1.6062286898687288, "inflow_accuracy_metric": 0.4261780381202698, "inflow_f1_metric": 0.4362680912017822, "inflow_aucroc_metric": 0.8394895195960999, "outflow_accuracy_metric": 0.40121620893478394, "outflow_f1_metric": 0.4110810160636902, "outflow_aucroc_metric": 0.8288159370422363, "val_loss": 3.612541077500683, "val_inflow_loss": 1.7423941907236131, "val_outflow_loss": 1.8701469009205447, "val_inflow_accuracy_metric": 0.4453476369380951, "val_inflow_f1_metric": 0.4521537721157074, "val_inflow_aucroc_metric": 0.8358981013298035, "val_outflow_accuracy_metric": 0.391171932220459, "val_outflow_f1_metric": 0.4157540500164032, "val_outflow_aucroc_metric": 0.7902476787567139, "_timestamp": 1672836354.8039505, "_runtime": 11397.037148475647, "_step": 99, "_wandb": {"runtime": 11364}}