{"epoch": 72, "loss": 2.6412571287327293, "inflow_loss": 1.2686474743732907, "outflow_loss": 1.3726096551771199, "inflow_accuracy_metric": 0.5352147221565247, "inflow_f1_metric": 0.5318537354469299, "inflow_aucroc_metric": 0.8992669582366943, "outflow_accuracy_metric": 0.4931775629520416, "outflow_f1_metric": 0.49214428663253784, "outflow_aucroc_metric": 0.88230299949646, "val_loss": 2.337607935522542, "val_inflow_loss": 1.1343009862484354, "val_outflow_loss": 1.2033069490483312, "val_inflow_accuracy_metric": 0.5951884984970093, "val_inflow_f1_metric": 0.5753990411758423, "val_inflow_aucroc_metric": 0.9147277474403381, "val_outflow_accuracy_metric": 0.5648854970932007, "val_outflow_f1_metric": 0.5489395260810852, "val_outflow_aucroc_metric": 0.9112973213195801, "_timestamp": 1671510303.87689, "_runtime": 52914.69490790367, "_step": 71, "_wandb": {"runtime": 52912}}