{"epoch": 4, "loss": 3.1603256094044654, "inflow_loss": 1.6051786720067605, "outflow_loss": 1.5551469373977047, "inflow_accuracy_metric": 0.4064273536205292, "inflow_f1_metric": 0.40588992834091187, "inflow_aucroc_metric": 0.8316361904144287, "outflow_accuracy_metric": 0.4147128760814667, "outflow_f1_metric": 0.4171418249607086, "outflow_aucroc_metric": 0.8450247049331665, "val_loss": 3.4199067968310732, "val_inflow_loss": 1.6589317357901372, "val_outflow_loss": 1.7609750682657415, "val_inflow_accuracy_metric": 0.4268454313278198, "val_inflow_f1_metric": 0.42956170439720154, "val_inflow_aucroc_metric": 0.826554000377655, "val_outflow_accuracy_metric": 0.4160822629928589, "val_outflow_f1_metric": 0.42430469393730164, "val_outflow_aucroc_metric": 0.814561665058136, "_timestamp": 1671560606.6094682, "_runtime": 405.6103141307831, "_step": 3, "_wandb": {"runtime": 475}}