{"epoch": 100, "loss": 0.07481796448600703, "inflow_loss": 0.04535286077137651, "outflow_loss": 0.029465103971547092, "inflow_accuracy_metric": 0.9949824810028076, "inflow_f1_metric": 0.9949819445610046, "inflow_aucroc_metric": 0.9999577403068542, "outflow_accuracy_metric": 0.9978896975517273, "outflow_f1_metric": 0.9978896379470825, "outflow_aucroc_metric": 0.9994130730628967, "val_loss": 20.58378653092818, "val_inflow_loss": 9.269324418270227, "val_outflow_loss": 11.314462025960287, "val_inflow_accuracy_metric": 0.4376172125339508, "val_inflow_f1_metric": 0.4341384768486023, "val_inflow_aucroc_metric": 0.820990800857544, "val_outflow_accuracy_metric": 0.4392571449279785, "val_outflow_f1_metric": 0.43469440937042236, "val_outflow_aucroc_metric": 0.8154111504554749, "_timestamp": 1671572704.6996853, "_runtime": 9709.07059621811, "_step": 99, "_wandb": {"runtime": 9707}}