{"epoch": 100, "loss": 3.030289776023777, "inflow_loss": 1.4739789154337741, "outflow_loss": 1.5563108742922203, "inflow_accuracy_metric": 0.4699897766113281, "inflow_f1_metric": 0.4711533784866333, "inflow_aucroc_metric": 0.8601030111312866, "outflow_accuracy_metric": 0.4277983009815216, "outflow_f1_metric": 0.4303710162639618, "outflow_aucroc_metric": 0.8471173644065857, "val_loss": 2.7010103394003475, "val_inflow_loss": 1.2785246722838457, "val_outflow_loss": 1.4224856601041906, "val_inflow_accuracy_metric": 0.5465021729469299, "val_inflow_f1_metric": 0.5462318062782288, "val_inflow_aucroc_metric": 0.8931894302368164, "val_outflow_accuracy_metric": 0.4859936535358429, "val_outflow_f1_metric": 0.4914562702178955, "val_outflow_aucroc_metric": 0.8715239763259888, "_timestamp": 1671047964.1701624, "_runtime": 5230.367099523544, "_step": 99, "_wandb": {"runtime": 5228}}