{"epoch": 7, "loss": 3.911297009915722, "inflow_loss": 1.990498533054274, "outflow_loss": 1.920798463480813, "inflow_accuracy_metric": 0.2598877549171448, "inflow_f1_metric": 0.21915937960147858, "inflow_aucroc_metric": 0.6912881135940552, "outflow_accuracy_metric": 0.2601037919521332, "outflow_f1_metric": 0.22636088728904724, "outflow_aucroc_metric": 0.7412826418876648, "val_loss": 4.646793967799137, "val_inflow_loss": 2.0163717489493522, "val_outflow_loss": 2.6304222470835636, "val_inflow_accuracy_metric": 0.23457030951976776, "val_inflow_f1_metric": 0.1616353988647461, "val_inflow_aucroc_metric": 0.602592408657074, "val_outflow_accuracy_metric": 0.10193256288766861, "val_outflow_f1_metric": 0.05527735874056816, "val_outflow_aucroc_metric": 0.46624746918678284, "_timestamp": 1676020327.503764, "_runtime": 319.95236992836, "_step": 6}