{"epoch": 100, "loss": 2.9572805669400597, "inflow_loss": 1.4424171811574464, "outflow_loss": 1.5148633846214838, "inflow_accuracy_metric": 0.46169742941856384, "inflow_f1_metric": 0.4709377884864807, "inflow_aucroc_metric": 0.8642211556434631, "outflow_accuracy_metric": 0.4277799129486084, "outflow_f1_metric": 0.4376135468482971, "outflow_aucroc_metric": 0.8498486876487732, "val_loss": 3.9623702178567144, "val_inflow_loss": 2.102415430343757, "val_outflow_loss": 1.8599547652874964, "val_inflow_accuracy_metric": 0.44347304105758667, "val_inflow_f1_metric": 0.44403669238090515, "val_inflow_aucroc_metric": 0.842309296131134, "val_outflow_accuracy_metric": 0.43288731575012207, "val_outflow_f1_metric": 0.4350862205028534, "val_outflow_aucroc_metric": 0.8477716445922852, "_timestamp": 1672837508.8676662, "_runtime": 11607.5119202137, "_step": 99, "_wandb": {"runtime": 11602}}