{"epoch": 100, "loss": 1.7881903799100853, "inflow_loss": 0.8595735410164143, "outflow_loss": 0.9286168430043363, "inflow_accuracy_metric": 0.6596463322639465, "inflow_f1_metric": 0.6578084826469421, "inflow_aucroc_metric": 0.9562095403671265, "outflow_accuracy_metric": 0.6315970420837402, "outflow_f1_metric": 0.6306136846542358, "outflow_aucroc_metric": 0.9497711062431335, "val_loss": 1.1690630587664517, "val_inflow_loss": 0.5718742699334116, "val_outflow_loss": 0.5971887942516443, "val_inflow_accuracy_metric": 0.7814335823059082, "val_inflow_f1_metric": 0.7806574702262878, "val_inflow_aucroc_metric": 0.980607271194458, "val_outflow_accuracy_metric": 0.7722576260566711, "val_outflow_f1_metric": 0.7726048231124878, "val_outflow_aucroc_metric": 0.979052722454071, "_timestamp": 1671467795.596305, "_runtime": 8507.22477889061, "_step": 99, "_wandb": {"runtime": 8504}}