{"epoch": 100, "loss": 2.323978758406365, "inflow_loss": 1.1580575704574585, "outflow_loss": 1.1659211920595718, "inflow_accuracy_metric": 0.5555799007415771, "inflow_f1_metric": 0.5556927919387817, "inflow_aucroc_metric": 0.9169185161590576, "outflow_accuracy_metric": 0.5448288917541504, "outflow_f1_metric": 0.5459054112434387, "outflow_aucroc_metric": 0.9175485372543335, "val_loss": 2.0594036298639633, "val_inflow_loss": 1.0234685610322392, "val_outflow_loss": 1.0359350442886353, "val_inflow_accuracy_metric": 0.6127868294715881, "val_inflow_f1_metric": 0.6141817569732666, "val_inflow_aucroc_metric": 0.9351102113723755, "val_outflow_accuracy_metric": 0.6055446267127991, "val_outflow_f1_metric": 0.6088780164718628, "val_outflow_aucroc_metric": 0.9348891377449036, "_timestamp": 1671167660.2296975, "_runtime": 4717.795486450195, "_step": 99, "_wandb": {"runtime": 4715}}